{"cameraMode":{"drawMode":0,"name":"Shaded","section":"Shading Mode"},"sceneLighting":true,"audioPlay":false,"sceneViewState":{"showFog":false,"showMaterialUpdate":false,"showSkybox":false,"showFlares":false,"showImageEffects":false,"showParticleSystems":false},"in2DMode":false,"pivot":{"x":2166.96533203125,"y":-24139.05859375,"z":-18304.787109375},"rotation":{"x":0.01958828791975975,"y":0.9006908535957336,"z":-0.43209800124168398,"w":0.040829963982105258},"size":31933.462890625,"orthographic":false}