{"cameraMode":{"drawMode":0,"name":"Shaded","section":"Shading Mode"},"sceneLighting":true,"audioPlay":false,"sceneViewState":{"showFog":false,"showMaterialUpdate":false,"showSkybox":false,"showFlares":false,"showImageEffects":false,"showParticleSystems":false},"in2DMode":false,"pivot":{"x":11.971226692199707,"y":7.040818214416504,"z":25.76466178894043},"rotation":{"x":-0.031751155853271487,"y":0.9681748747825623,"z":-0.18158498406410218,"w":-0.1692894995212555},"size":8.245638847351075,"orthographic":false}