{"cameraMode":{"drawMode":0,"name":"Shaded","section":"Shading Mode"},"sceneLighting":true,"audioPlay":false,"sceneViewState":{"showFog":false,"showMaterialUpdate":false,"showSkybox":false,"showFlares":false,"showImageEffects":false,"showParticleSystems":false},"in2DMode":false,"pivot":{"x":12.613536834716797,"y":-3.955770254135132,"z":57.94934844970703},"rotation":{"x":0.11837639659643173,"y":0.05061321333050728,"z":-0.006041874643415213,"w":0.9916611909866333},"size":40.121826171875,"orthographic":false}