{"cameraMode":{"drawMode":0,"name":"Shaded","section":"Shading Mode"},"sceneLighting":true,"audioPlay":false,"sceneViewState":{"showFog":false,"showMaterialUpdate":false,"showSkybox":false,"showFlares":false,"showImageEffects":false,"showParticleSystems":false},"in2DMode":false,"pivot":{"x":10.578269004821778,"y":2.8617379665374758,"z":12.551776885986329},"rotation":{"x":0.16734011471271516,"y":0.8151354789733887,"z":-0.2877103090286255,"w":0.474105566740036},"size":1.6687045097351075,"orthographic":false}