{"cameraMode":{"drawMode":0,"name":"Shaded","section":"Shading Mode"},"sceneLighting":true,"audioPlay":false,"sceneViewState":{"showFog":false,"showMaterialUpdate":false,"showSkybox":false,"showFlares":false,"showImageEffects":false,"showParticleSystems":false},"in2DMode":false,"pivot":{"x":2.9926652908325197,"y":-0.6798316240310669,"z":2.9645466804504396},"rotation":{"x":0.3741528391838074,"y":0.4741743803024292,"z":-0.23275713622570039,"w":0.762242317199707},"size":6.9295477867126469,"orthographic":false}