{"cameraMode":{"drawMode":0,"name":"Shaded","section":"Shading Mode"},"sceneLighting":true,"audioPlay":false,"sceneViewState":{"showFog":false,"showMaterialUpdate":false,"showSkybox":false,"showFlares":false,"showImageEffects":false,"showParticleSystems":false},"in2DMode":false,"pivot":{"x":1776.327880859375,"y":-23875.330078125,"z":-18670.361328125},"rotation":{"x":0.01958828791975975,"y":0.9006908535957336,"z":-0.43209800124168398,"w":0.040829963982105258},"size":31286.544921875,"orthographic":false}